Date,Away Team,Home Team,Away Final,Home Final,Away Record After,Home Record After,Away Rank Prior,Home Rank Prior
"Week 1, 2016",ole miss,florida state,-11.0,11.0,(0-1),(1-0),11,4
"Week 1, 2016",fcs_team,old dominion,-33.0,33.0,(0-0),(0-0),Unranked,Unranked
"Week 1, 2016",notre dame,texas,0.0,0.0,(0-1),(1-0),10,Unranked
"Week 1, 2016",georgia tech,boston college,3.0,-3.0,(0-0),(0-0),Unranked,Unranked
"Week 1, 2016",boise state,ul lafayette,35.0,-35.0,(0-0),(0-0),Unranked,Unranked
"Week 1, 2016",fcs_team,mississippi state,1.0,-1.0,(0-0),(0-0),Unranked,Unranked
"Week 1, 2016",western michigan,fcs_team,1.0,-1.0,(0-0),(0-0),Unranked,Unranked
"Week 1, 2016",fcs_team,maryland,-39.0,39.0,(0-0),(0-0),Unranked,Unranked
"Week 1, 2016",oklahoma,houston,-10.0,10.0,(0-1),(1-0),3,15
"Week 1, 2016",hawaii,michigan,-60.0,60.0,(0-2),(1-0),Unranked,7
"Week 1, 2016",missouri,west virginia,-15.0,15.0,(0-0),(0-0),Unranked,Unranked
"Week 1, 2016",fcs_team,navy,-36.0,36.0,(0-0),(0-0),Unranked,Unranked
"Week 1, 2016",bowling green,ohio state,-67.0,67.0,(0-1),(1-0),Unranked,6
"Week 1, 2016",fcs_team,fcs_team,-21.0,21.0,(0-0),(0-0),Unranked,Unranked
"Week 1, 2016",fcs_team,virginia tech,-23.0,23.0,(0-0),(0-0),Unranked,Unranked
"Week 1, 2016",fcs_team,pittsburgh,-21.0,21.0,(0-0),(0-0),Unranked,Unranked
"Week 1, 2016",rutgers,washington,-35.0,35.0,(0-1),(1-0),Unranked,14
"Week 1, 2016",fcs_team,fcs_team,-16.0,16.0,(0-0),(0-0),Unranked,Unranked
"Week 1, 2016",fcs_team,fcs_team,-54.0,54.0,(0-1),(1-0),Unranked,21
"Week 1, 2016",lsu,wisconsin,-2.0,2.0,(0-1),(1-0),5,Unranked
"Week 1, 2016",miami (ohio),iowa,-24.0,24.0,(0-1),(1-0),Unranked,17
"Week 1, 2016",ucla,texas a&m,-7.0,7.0,(0-1),(1-0),16,Unranked
"Week 1, 2016",kent state,penn state,-20.0,20.0,(0-0),(0-0),Unranked,Unranked
"Week 1, 2016",texas state,ohio,0.0,0.0,(0-0),(0-0),Unranked,Unranked
"Week 1, 2016",fcs_team,virginia,17.0,-17.0,(0-0),(0-0),Unranked,Unranked
"Week 1, 2016",fcs_team,illinois,-49.0,49.0,(0-0),(0-0),Unranked,Unranked
"Week 1, 2016",louisiana tech,arkansas,-1.0,1.0,(0-0),(0-0),Unranked,Unranked
"Week 1, 2016",fcs_team,oregon,-25.0,25.0,(0-1),(1-0),Unranked,24
"Week 1, 2016",georgia,north carolina,9.0,-9.0,(1-0),(0-1),18,22
"Week 1, 2016",fcs_team,michigan,-67.0,67.0,(0-0),(0-0),Unranked,Unranked
"Week 1, 2016",fcs_team,troy,-40.0,40.0,(0-0),(0-0),Unranked,Unranked
"Week 1, 2016",fcs_team,georgia southern,-54.0,54.0,(0-0),(0-0),Unranked,Unranked
"Week 1, 2016",fcs_team,fcs_team,-45.0,45.0,(0-0),(0-0),Unranked,Unranked
"Week 1, 2016",fcs_team,duke,-43.0,43.0,(0-0),(0-0),Unranked,Unranked
"Week 1, 2016",fcs_team,fau,-8.0,8.0,(0-0),(0-0),Unranked,Unranked
"Week 1, 2016",fcs_team,akron,-23.0,23.0,(0-0),(0-0),Unranked,Unranked
"Week 1, 2016",smu,north texas,13.0,-13.0,(0-0),(0-0),Unranked,Unranked
"Week 1, 2016",san jose state,tulsa,-35.0,35.0,(0-0),(0-0),Unranked,Unranked
"Week 1, 2016",fcs_team,utsa,-13.0,13.0,(0-0),(0-0),Unranked,Unranked
"Week 1, 2016",fcs_team,middle tennessee state,-55.0,55.0,(0-0),(0-0),Unranked,Unranked
"Week 1, 2016",fcs_team,ul monroe,-17.0,17.0,(0-0),(0-0),Unranked,Unranked
"Week 1, 2016",fcs_team,south florida,-36.0,36.0,(0-0),(0-0),Unranked,Unranked
"Week 1, 2016",fcs_team,ucf,-38.0,38.0,(0-0),(0-0),Unranked,Unranked
"Week 1, 2016",fcs_team,kansas,-49.0,49.0,(0-0),(0-0),Unranked,Unranked
"Week 1, 2016",fcs_team,fcs_team,-18.0,18.0,(0-0),(0-0),Unranked,Unranked
"Week 1, 2016",south alabama,kentucky,9.0,-9.0,(0-0),(0-0),Unranked,Unranked
"Week 1, 2016",massachusetts,florida,-17.0,17.0,(0-1),(1-0),Unranked,25
"Week 1, 2016",usc,fcs_team,-46.0,46.0,(0-1),(1-0),20,1
"Week 1, 2016",fcs_team,washington state,3.0,-3.0,(0-0),(0-0),Unranked,Unranked
"Week 1, 2016",fcs_team,fcs_team,-52.0,52.0,(0-0),(0-0),Unranked,Unranked
"Week 1, 2016",new mexico state,utep,-16.0,16.0,(0-0),(0-0),Unranked,Unranked
"Week 1, 2016",fcs_team,iowa state,5.0,-5.0,(0-0),(0-0),Unranked,Unranked
"Week 1, 2016",fresno state,nebraska,-33.0,33.0,(0-0),(0-0),Unranked,Unranked
"Week 1, 2016",fcs_team,tcu,-18.0,18.0,(0-1),(1-0),Unranked,13
"Week 1, 2016",fcs_team,san diego state,-31.0,31.0,(0-0),(0-0),Unranked,Unranked
"Week 1, 2016",clemson,auburn,6.0,-6.0,(1-0),(0-1),2,Unranked
"Week 1, 2016",brigham young,arizona,2.0,-2.0,(0-0),(0-0),Unranked,Unranked
"Week 1, 2016",niu,fcs_team,0.0,0.0,(0-0),(0-0),Unranked,Unranked
"Week 1, 2016",fcs_team,fcs_team,-31.0,31.0,(0-0),(0-0),Unranked,Unranked
"Week 1, 2016",fcs_team,eastern michigan,-47.0,47.0,(0-0),(0-0),Unranked,Unranked
"Week 1, 2016",fcs_team,buffalo,6.0,-6.0,(0-0),(0-0),Unranked,Unranked
"Week 1, 2016",army,fcs_team,15.0,-15.0,(0-0),(0-0),Unranked,Unranked
"Week 1, 2016",fcs_team,michigan state,-15.0,15.0,(0-1),(1-0),Unranked,12
"Week 1, 2016",ball state,georgia state,10.0,-10.0,(0-0),(0-0),Unranked,Unranked
"Week 1, 2016",fcs_team,syracuse,-26.0,26.0,(0-0),(0-0),Unranked,Unranked
"Week 1, 2016",fcs_team,fcs_team,-48.0,48.0,(0-1),(1-0),Unranked,23
"Week 1, 2016",colorado state,colorado,-37.0,37.0,(0-0),(0-0),Unranked,Unranked
"Week 1, 2016",kansas state,stanford,-13.0,13.0,(0-1),(1-0),Unranked,8
"Week 1, 2016",toledo,arkansas state,21.0,-21.0,(0-0),(0-0),Unranked,Unranked
"Week 1, 2016",fcs_team,nevada,-3.0,3.0,(0-0),(0-0),Unranked,Unranked
"Week 1, 2016",tulane,wake forest,-4.0,4.0,(0-0),(0-0),Unranked,Unranked
"Week 1, 2016",fcs_team,central michigan,-46.0,46.0,(0-0),(0-0),Unranked,Unranked
"Week 1, 2016",charlotte,louisville,-56.0,56.0,(0-1),(1-0),Unranked,19
"Week 1, 2016",fcs_team,connecticut,-3.0,3.0,(0-0),(0-0),Unranked,Unranked
"Week 1, 2016",fcs_team,cincinnati,-21.0,21.0,(0-0),(0-0),Unranked,Unranked
"Week 1, 2016",fcs_team,fcs_team,-34.0,34.0,(0-0),(0-0),Unranked,Unranked
"Week 1, 2016",app,fcs_team,-7.0,7.0,(0-1),(1-0),Unranked,9
"Week 1, 2016",fcs_team,fiu,21.0,-21.0,(0-0),(0-0),Unranked,Unranked
"Week 1, 2016",fcs_team,utah state,-39.0,39.0,(0-0),(0-0),Unranked,Unranked
"Week 1, 2016",rice,western kentucky,-32.0,32.0,(0-0),(0-0),Unranked,Unranked
"Week 1, 2016",fcs_team,utah,-24.0,24.0,(0-0),(0-0),Unranked,Unranked
"Week 1, 2016",south carolina,vanderbilt,3.0,-3.0,(0-0),(0-0),Unranked,Unranked
"Week 1, 2016",fcs_team,new mexico,-27.0,27.0,(0-0),(0-0),Unranked,Unranked
"Week 1, 2016",oregon state,minnesota,-7.0,7.0,(0-0),(0-0),Unranked,Unranked
"Week 1, 2016",fcs_team,idaho,-3.0,3.0,(0-0),(0-0),Unranked,Unranked
"Week 1, 2016",fcs_team,unlv,-50.0,50.0,(0-0),(0-0),Unranked,Unranked
"Week 1, 2016",hawaii,california,-20.0,20.0,(0-2),(1-0),Unranked,Unranked
"Week 2, 2016",fcs_team,hawaii,-5.0,5.0,(0-0),(0-0),Unranked,Unranked
"Week 2, 2016",wyoming,nebraska,-35.0,35.0,(0-0),(0-0),Unranked,Unranked
"Week 2, 2016",fcs_team,minnesota,-30.0,30.0,(0-0),(0-0),Unranked,Unranked
"Week 2, 2016",central michigan,fcs_team,3.0,-3.0,(2-0),(1-1),Unranked,22
"Week 2, 2016",fcs_team,fcs_team,-67.0,67.0,(1-1),(2-0),Unranked,20
"Week 2, 2016",rice,army,-17.0,17.0,(0-0),(0-0),Unranked,Unranked
"Week 2, 2016",fcs_team,rutgers,-38.0,38.0,(0-0),(0-0),Unranked,Unranked
"Week 2, 2016",fcs_team,houston,-42.0,42.0,(0-0),(0-0),Unranked,6
"Week 2, 2016",fcs_team,georgia,-2.0,2.0,(0-1),(2-0),Unranked,9
"Week 2, 2016",nc state,east carolina,-3.0,3.0,(0-0),(0-0),Unranked,Unranked
"Week 2, 2016",cincinnati,purdue,18.0,-18.0,(0-0),(0-0),Unranked,Unranked
"Week 2, 2016",boston college,massachusetts,19.0,-19.0,(0-0),(0-0),Unranked,Unranked
"Week 2, 2016",ucf,michigan,-37.0,37.0,(1-1),(2-0),Unranked,5
"Week 2, 2016",penn state,pittsburgh,-3.0,3.0,(0-0),(0-0),Unranked,Unranked
"Week 2, 2016",fcs_team,fcs_team,-44.0,44.0,(1-2),(2-0),Unranked,3
"Week 2, 2016",troy,clemson,-6.0,6.0,(1-1),(2-0),Unranked,2
"Week 2, 2016",fcs_team,temple,-38.0,38.0,(0-0),(0-0),Unranked,Unranked
"Week 2, 2016",fcs_team,usc,-38.0,38.0,(0-0),(0-0),Unranked,Unranked
"Week 2, 2016",fcs_team,fcs_team,-17.0,17.0,(0-0),(0-0),Unranked,Unranked
"Week 2, 2016",georgia state,air force,-34.0,34.0,(0-0),(0-0),Unranked,Unranked
"Week 2, 2016",ohio,kansas,16.0,-16.0,(0-0),(0-0),Unranked,Unranked
"Week 2, 2016",fcs_team,georgia tech,-25.0,25.0,(0-0),(0-0),Unranked,Unranked
"Week 2, 2016",western kentucky,fcs_team,-28.0,28.0,(1-1),(2-0),Unranked,1
"Week 2, 2016",tulsa,ohio state,-45.0,45.0,(1-1),(2-0),Unranked,4
"Week 2, 2016",fcs_team,northwestern,2.0,-2.0,(0-0),(0-0),Unranked,Unranked
"Week 2, 2016",akron,wisconsin,-44.0,44.0,(1-1),(2-0),Unranked,10
"Week 2, 2016",nevada,notre dame,-29.0,29.0,(1-1),(1-1),Unranked,18
"Week 2, 2016",smu,fcs_team,-27.0,27.0,(1-1),(2-0),Unranked,23
"Week 2, 2016",fcs_team,miami (ohio),4.0,-4.0,(0-0),(0-0),Unranked,Unranked
"Week 2, 2016",fcs_team,app,-24.0,24.0,(0-0),(0-0),Unranked,Unranked
"Week 2, 2016",fcs_team,bowling green,-1.0,1.0,(0-0),(0-0),Unranked,Unranked
"Week 2, 2016",wake forest,duke,10.0,-10.0,(0-0),(0-0),Unranked,Unranked
"Week 2, 2016",connecticut,navy,-4.0,4.0,(0-0),(0-0),Unranked,Unranked
"Week 2, 2016",kentucky,florida,-38.0,38.0,(0-2),(2-0),Unranked,Unranked
"Week 2, 2016",utsa,colorado state,-9.0,9.0,(0-0),(0-0),Unranked,Unranked
"Week 2, 2016",middle tennessee state,fcs_team,-23.0,23.0,(0-0),(0-0),Unranked,Unranked
"Week 2, 2016",fcs_team,ole miss,-25.0,25.0,(1-1),(1-1),Unranked,19
"Week 2, 2016",ball state,indiana,-10.0,10.0,(0-0),(0-0),Unranked,Unranked
"Week 2, 2016",fcs_team,san jose state,-31.0,31.0,(0-0),(0-0),Unranked,Unranked
"Week 2, 2016",idaho,washington,-45.0,45.0,(1-1),(2-0),Unranked,8
"Week 2, 2016",fcs_team,colorado,-49.0,49.0,(0-0),(0-0),Unranked,Unranked
"Week 2, 2016",fau,michigan,-28.0,28.0,(1-1),(2-0),Unranked,25
"Week 2, 2016",fcs_team,marshall,-62.0,62.0,(0-0),(0-0),Unranked,Unranked
"Week 2, 2016",fcs_team,fcs_team,0.0,0.0,(0-0),(0-0),Unranked,Unranked
"Week 2, 2016",fcs_team,charlotte,-33.0,33.0,(0-0),(0-0),Unranked,Unranked
"Week 2, 2016",fcs_team,south alabama,-56.0,56.0,(0-0),(0-0),Unranked,Unranked
"Week 2, 2016",ul monroe,fcs_team,-42.0,42.0,(1-1),(1-1),Unranked,14
"Week 2, 2016",utep,texas,-34.0,34.0,(1-1),(2-0),Unranked,11
"Week 2, 2016",georgia southern,fcs_team,15.0,-15.0,(0-0),(0-0),Unranked,Unranked
"Week 2, 2016",fcs_team,north texas,-21.0,21.0,(0-0),(0-0),Unranked,Unranked
"Week 2, 2016",arkansas,tcu,0.0,0.0,(2-0),(1-1),Unranked,15
"Week 2, 2016",niu,fcs_team,-31.0,31.0,(0-0),(0-0),Unranked,Unranked
"Week 2, 2016",fcs_team,mississippi state,-13.0,13.0,(0-0),(0-0),Unranked,Unranked
"Week 2, 2016",fcs_team,toledo,-42.0,42.0,(0-0),(0-0),Unranked,Unranked
"Week 2, 2016",fcs_team,western michigan,-49.0,49.0,(0-0),(0-0),Unranked,Unranked
"Week 2, 2016",fcs_team,ul lafayette,-8.0,8.0,(0-0),(0-0),Unranked,Unranked
"Week 2, 2016",fcs_team,fcs_team,-29.0,29.0,(0-0),(0-0),Unranked,Unranked
"Week 2, 2016",fcs_team,lsu,-21.0,21.0,(1-1),(1-1),Unranked,21
"Week 2, 2016",brigham young,utah,-1.0,1.0,(0-0),(0-0),Unranked,Unranked
"Week 2, 2016",eastern michigan,fcs_team,-40.0,40.0,(0-0),(0-0),Unranked,Unranked
"Week 2, 2016",iowa state,iowa,-39.0,39.0,(0-2),(2-0),Unranked,16
"Week 2, 2016",arkansas state,auburn,-37.0,37.0,(0-0),(0-0),Unranked,Unranked
"Week 2, 2016",north carolina,illinois,25.0,-25.0,(0-0),(0-0),Unranked,Unranked
"Week 2, 2016",fcs_team,new mexico state,-1.0,1.0,(0-0),(0-0),Unranked,Unranked
"Week 2, 2016",unlv,ucla,-21.0,21.0,(0-0),(0-0),Unranked,Unranked
"Week 2, 2016",virginia tech,tennessee,-21.0,21.0,(1-1),(2-0),Unranked,17
"Week 2, 2016",fcs_team,tulane,-45.0,45.0,(0-0),(0-0),Unranked,Unranked
"Week 2, 2016",fcs_team,fcs_team,-28.0,28.0,(0-0),(0-0),Unranked,Unranked
"Week 2, 2016",texas tech,arizona state,-13.0,13.0,(0-0),(0-0),Unranked,Unranked
"Week 2, 2016",washington state,fcs_team,-3.0,3.0,(0-0),(0-0),Unranked,Unranked
"Week 2, 2016",fcs_team,san diego state,-5.0,5.0,(0-0),(0-0),Unranked,Unranked
"Week 2, 2016",virginia,oregon,-18.0,18.0,(0-2),(2-0),Unranked,24
"Week 2, 2016",fcs_team,arizona,-10.0,10.0,(0-0),(0-0),Unranked,Unranked
"Week 2, 2016",fcs_team,fiu,27.0,-27.0,(0-0),(0-0),Unranked,Unranked
"Week 2, 2016",louisville,syracuse,34.0,-34.0,(2-0),(1-1),13,Unranked
"Week 3, 2016",fcs_team,iowa,2.0,-2.0,(3-0),(2-1),Unranked,Unranked
"Week 3, 2016",michigan,app,35.0,-35.0,(3-0),(1-2),15,Unranked
"Week 3, 2016",kansas,memphis,-36.0,36.0,(0-0),(0-0),Unranked,Unranked
"Week 3, 2016",iowa state,tcu,-21.0,21.0,(0-0),(0-0),Unranked,Unranked
"Week 3, 2016",georgia state,wisconsin,-6.0,6.0,(0-3),(3-0),Unranked,11
"Week 3, 2016",new mexico,rutgers,-9.0,9.0,(0-0),(0-0),Unranked,Unranked
"Week 3, 2016",ohio,tennessee,-9.0,9.0,(1-2),(3-0),Unranked,14
"Week 3, 2016",temple,penn state,-7.0,7.0,(0-0),(0-0),Unranked,Unranked
"Week 3, 2016",fcs_team,clemson,-59.0,59.0,(0-3),(3-0),Unranked,5
"Week 3, 2016",middle tennessee state,bowling green,20.0,-20.0,(0-0),(0-0),Unranked,Unranked
"Week 3, 2016",akron,marshall,27.0,-27.0,(0-0),(0-0),Unranked,Unranked
"Week 3, 2016",florida state,louisville,-43.0,43.0,(2-1),(3-0),13,3
"Week 3, 2016",vanderbilt,georgia tech,-31.0,31.0,(0-0),(0-0),Unranked,Unranked
"Week 3, 2016",virginia,connecticut,-3.0,3.0,(0-0),(0-0),Unranked,Unranked
"Week 3, 2016",idaho,washington state,-50.0,50.0,(0-0),(0-0),Unranked,Unranked
"Week 3, 2016",fcs_team,tulsa,-37.0,37.0,(0-0),(0-0),Unranked,Unranked
"Week 3, 2016",fau,kansas state,-56.0,56.0,(0-0),(0-0),Unranked,Unranked
"Week 3, 2016",fcs_team,ball state,-27.0,27.0,(0-0),(0-0),Unranked,Unranked
"Week 3, 2016",fresno state,toledo,-35.0,35.0,(0-0),(0-0),Unranked,Unranked
"Week 3, 2016",unlv,central michigan,-23.0,23.0,(0-0),(0-0),Unranked,Unranked
"Week 3, 2016",oregon,nebraska,-3.0,3.0,(2-1),(3-0),Unranked,20
"Week 3, 2016",san diego state,niu,14.0,-14.0,(0-0),(0-0),22,Unranked
"Week 3, 2016",alabama,ole miss,5.0,-5.0,(3-0),(1-2),1,23
"Week 3, 2016",boston college,virginia tech,-49.0,49.0,(0-0),(0-0),Unranked,Unranked
"Week 3, 2016",pittsburgh,oklahoma state,-7.0,7.0,(0-0),(0-0),Unranked,Unranked
"Week 3, 2016",fcs_team,north carolina,-28.0,28.0,(0-0),(0-0),Unranked,Unranked
"Week 3, 2016",fcs_team,kent state,-20.0,20.0,(0-0),(0-0),Unranked,Unranked
"Week 3, 2016",south florida,syracuse,25.0,-25.0,(0-0),(0-0),Unranked,Unranked
"Week 3, 2016",fiu,massachusetts,-8.0,8.0,(0-0),(0-0),Unranked,Unranked
"Week 3, 2016",western kentucky,miami (ohio),7.0,-7.0,(0-0),(0-0),Unranked,Unranked
"Week 3, 2016",colorado,michigan,-17.0,17.0,(2-1),(3-0),Unranked,4
"Week 3, 2016",fcs_team,wyoming,-23.0,23.0,(0-0),(0-0),Unranked,Unranked
"Week 3, 2016",fcs_team,colorado state,-26.0,26.0,(0-0),(0-0),Unranked,Unranked
"Week 3, 2016",new mexico state,kentucky,-20.0,20.0,(0-0),(0-0),Unranked,Unranked
"Week 3, 2016",western michigan,illinois,24.0,-24.0,(0-0),(0-0),Unranked,Unranked
"Week 3, 2016",east carolina,south carolina,-5.0,5.0,(0-0),(0-0),Unranked,Unranked
"Week 3, 2016",fcs_team,oregon state,-30.0,30.0,(0-0),(0-0),Unranked,Unranked
"Week 3, 2016",old dominion,nc state,-27.0,27.0,(0-0),(0-0),Unranked,Unranked
"Week 3, 2016",ul monroe,georgia southern,-2.0,2.0,(0-0),(0-0),Unranked,Unranked
"Week 3, 2016",eastern michigan,charlotte,18.0,-18.0,(0-0),(0-0),Unranked,Unranked
"Week 3, 2016",fcs_team,wake forest,-17.0,17.0,(0-0),(0-0),Unranked,Unranked
"Week 3, 2016",navy,tulane,7.0,-7.0,(0-0),(0-0),Unranked,Unranked
"Week 3, 2016",louisiana tech,texas tech,-14.0,14.0,(0-0),(0-0),Unranked,Unranked
"Week 3, 2016",south alabama,ul lafayette,-5.0,5.0,(0-0),(0-0),Unranked,Unranked
"Week 3, 2016",troy,south alabama,6.0,-6.0,(0-0),(0-0),Unranked,Unranked
"Week 3, 2016",army,utep,52.0,-52.0,(0-0),(0-0),Unranked,Unranked
"Week 3, 2016",fcs_team,smu,-15.0,15.0,(0-0),(0-0),Unranked,Unranked
"Week 3, 2016",maryland,ucf,0.0,0.0,(0-0),(0-0),Unranked,Unranked
"Week 3, 2016",texas a&m,auburn,13.0,-13.0,(3-0),(1-2),10,Unranked
"Week 3, 2016",mississippi state,lsu,-3.0,3.0,(1-2),(2-1),Unranked,18
"Week 3, 2016",georgia,missouri,1.0,-1.0,(3-0),(1-2),12,Unranked
"Week 3, 2016",texas state,arkansas,-39.0,39.0,(1-1),(3-0),Unranked,17
"Week 3, 2016",michigan state,notre dame,8.0,-8.0,(2-0),(1-2),8,Unranked
"Week 3, 2016",north texas,florida,-32.0,32.0,(1-2),(3-0),Unranked,19
"Week 3, 2016",fcs_team,washington,-38.0,38.0,(1-2),(3-0),Unranked,9
"Week 3, 2016",usc,stanford,-17.0,17.0,(1-2),(2-0),Unranked,7
"Week 3, 2016",duke,northwestern,-11.0,11.0,(0-0),(0-0),Unranked,Unranked
"Week 3, 2016",buffalo,nevada,-24.0,24.0,(0-0),(0-0),Unranked,Unranked
"Week 3, 2016",ohio state,oklahoma,21.0,-21.0,(3-0),(1-2),2,25
"Week 3, 2016",ucla,brigham young,3.0,-3.0,(0-0),(0-0),Unranked,Unranked
"Week 3, 2016",utah,san jose state,17.0,-17.0,(0-0),(0-0),24,Unranked
"Week 3, 2016",texas,california,-7.0,7.0,(2-1),(2-1),21,Unranked
"Week 3, 2016",hawaii,arizona,-19.0,19.0,(0-0),(0-0),Unranked,Unranked
"Week 3, 2016",baylor,rice,28.0,-28.0,(3-0),(0-3),16,Unranked
"Week 3, 2016",arkansas state,utah state,-14.0,14.0,(0-0),(0-0),Unranked,Unranked
"Week 3, 2016",arizona state,utsa,4.0,-4.0,(0-0),(0-0),Unranked,Unranked
"Week 3, 2016",houston,cincinnati,24.0,-24.0,(3-0),(2-1),6,Unranked
"Week 4, 2016",wisconsin,michigan state,24.0,-24.0,(4-0),(2-1),11,8
"Week 4, 2016",georgia,ole miss,-31.0,31.0,(3-1),(2-2),12,23
"Week 4, 2016",iowa,rutgers,7.0,-7.0,(0-0),(0-0),Unranked,Unranked
"Week 4, 2016",san jose state,iowa state,-34.0,34.0,(0-0),(0-0),Unranked,Unranked
"Week 4, 2016",colorado state,minnesota,-7.0,7.0,(0-0),(0-0),Unranked,Unranked
"Week 4, 2016",kent state,alabama,-48.0,48.0,(1-3),(4-0),Unranked,1
"Week 4, 2016",florida state,south florida,20.0,-20.0,(3-1),(3-1),13,Unranked
"Week 4, 2016",nevada,purdue,-10.0,10.0,(0-0),(0-0),Unranked,Unranked
"Week 4, 2016",charlotte,temple,-28.0,28.0,(0-0),(0-0),Unranked,Unranked
"Week 4, 2016",east carolina,virginia tech,-37.0,37.0,(0-0),(0-0),Unranked,Unranked
"Week 4, 2016",central michigan,virginia,-14.0,14.0,(0-0),(0-0),Unranked,Unranked
"Week 4, 2016",syracuse,connecticut,7.0,-7.0,(0-0),(0-0),Unranked,Unranked
"Week 4, 2016",fcs_team,boston college,-32.0,32.0,(0-0),(0-0),Unranked,Unranked
"Week 4, 2016",fcs_team,ohio,-16.0,16.0,(0-0),(0-0),Unranked,Unranked
"Week 4, 2016",florida,tennessee,-10.0,10.0,(3-1),(4-0),19,14
"Week 4, 2016",utsa,old dominion,-14.0,14.0,(0-0),(0-0),Unranked,Unranked
"Week 4, 2016",brigham young,west virginia,-3.0,3.0,(0-0),(0-0),Unranked,Unranked
"Week 4, 2016",fcs_team,niu,5.0,-5.0,(0-0),(0-0),Unranked,Unranked
"Week 4, 2016",boise state,oregon state,14.0,-14.0,(0-0),(0-0),Unranked,Unranked
"Week 4, 2016",app,akron,7.0,-7.0,(0-0),(0-0),Unranked,Unranked
"Week 4, 2016",duke,notre dame,3.0,-3.0,(0-0),(0-0),Unranked,Unranked
"Week 4, 2016",miami (ohio),cincinnati,-7.0,7.0,(0-0),(0-0),Unranked,Unranked
"Week 4, 2016",pittsburgh,north carolina,-1.0,1.0,(0-0),(0-0),Unranked,Unranked
"Week 4, 2016",wake forest,indiana,5.0,-5.0,(0-0),(0-0),Unranked,Unranked
"Week 4, 2016",mississippi state,massachusetts,12.0,-12.0,(0-0),(0-0),Unranked,Unranked
"Week 4, 2016",penn state,michigan,-39.0,39.0,(2-2),(4-0),Unranked,4
"Week 4, 2016",fcs_team,missouri,-79.0,79.0,(0-0),(0-0),Unranked,Unranked
"Week 4, 2016",tulsa,fresno state,7.0,-7.0,(0-0),(0-0),Unranked,Unranked
"Week 4, 2016",vanderbilt,western kentucky,1.0,-1.0,(0-0),(0-0),Unranked,Unranked
"Week 4, 2016",colorado,oregon,3.0,-3.0,(0-0),(0-0),Unranked,Unranked
"Week 4, 2016",lsu,auburn,-5.0,5.0,(2-2),(2-2),18,Unranked
"Week 4, 2016",north texas,rice,0.0,0.0,(0-0),(0-0),Unranked,Unranked
"Week 4, 2016",ball state,fau,4.0,-4.0,(0-0),(0-0),Unranked,Unranked
"Week 4, 2016",fcs_team,south alabama,-1.0,1.0,(0-0),(0-0),Unranked,Unranked
"Week 4, 2016",houston,texas state,61.0,-61.0,(4-0),(1-2),6,Unranked
"Week 4, 2016",louisiana tech,middle tennessee state,-4.0,4.0,(0-0),(0-0),Unranked,Unranked
"Week 4, 2016",new mexico state,troy,-46.0,46.0,(0-0),(0-0),Unranked,Unranked
"Week 4, 2016",ucf,fiu,39.0,-39.0,(0-0),(0-0),Unranked,Unranked
"Week 4, 2016",army,buffalo,-3.0,3.0,(0-0),(0-0),Unranked,Unranked
"Week 4, 2016",georgia southern,western michigan,-18.0,18.0,(0-0),(0-0),Unranked,Unranked
"Week 4, 2016",fcs_team,arkansas state,5.0,-5.0,(0-0),(0-0),Unranked,Unranked
"Week 4, 2016",fcs_team,kansas state,-35.0,35.0,(0-0),(0-0),Unranked,Unranked
"Week 4, 2016",south carolina,kentucky,-7.0,7.0,(0-0),(0-0),Unranked,Unranked
"Week 4, 2016",nebraska,northwestern,11.0,-11.0,(4-0),(1-3),20,Unranked
"Week 4, 2016",oklahoma state,baylor,-11.0,11.0,(2-2),(4-0),Unranked,16
"Week 4, 2016",southern miss,utep,27.0,-27.0,(0-0),(0-0),Unranked,Unranked
"Week 4, 2016",ul lafayette,tulane,0.0,0.0,(0-0),(0-0),Unranked,Unranked
"Week 4, 2016",stanford,ucla,9.0,-9.0,(3-0),(2-2),7,Unranked
"Week 4, 2016",louisville,marshall,31.0,-31.0,(4-0),(1-2),3,Unranked
"Week 4, 2016",bowling green,memphis,-74.0,74.0,(0-0),(0-0),Unranked,Unranked
"Week 4, 2016",idaho,unlv,3.0,-3.0,(0-0),(0-0),Unranked,Unranked
"Week 4, 2016",arkansas,texas a&m,-21.0,21.0,(3-1),(4-0),17,10
"Week 4, 2016",california,arizona state,-10.0,10.0,(0-0),(0-0),Unranked,Unranked
"Week 4, 2016",air force,utah state,7.0,-7.0,(0-0),(0-0),Unranked,Unranked
"Week 4, 2016",washington,arizona,7.0,-7.0,(4-0),(2-2),9,Unranked
"Week 4, 2016",wyoming,eastern michigan,-3.0,3.0,(0-0),(0-0),Unranked,Unranked
"Week 4, 2016",tcu,smu,30.0,-30.0,(0-0),(0-0),Unranked,Unranked
"Week 4, 2016",usc,utah,-4.0,4.0,(1-3),(4-0),Unranked,24
"Week 4, 2016",clemson,georgia tech,19.0,-19.0,(4-0),(3-1),5,Unranked
"Week 5, 2016",nevada,hawaii,-21.0,21.0,(2-3),(2-3),Unranked,Unranked
"Week 5, 2016",baylor,iowa state,3.0,-3.0,(5-0),(1-4),13,Unranked
"Week 5, 2016",texas,oklahoma state,-18.0,18.0,(2-2),(3-2),22,Unranked
"Week 5, 2016",florida,vanderbilt,7.0,-7.0,(4-1),(2-3),23,Unranked
"Week 5, 2016",ucf,east carolina,18.0,-18.0,(3-2),(2-3),Unranked,Unranked
"Week 5, 2016",northwestern,iowa,7.0,-7.0,(2-3),(3-2),Unranked,Unranked
"Week 5, 2016",georgia state,app,-14.0,14.0,(0-4),(3-2),Unranked,Unranked
"Week 5, 2016",fcs_team,arkansas,-42.0,42.0,(1-3),(4-1),Unranked,20
"Week 5, 2016",miami (fla.),georgia tech,14.0,-14.0,(4-0),(3-2),14,Unranked
"Week 5, 2016",rutgers,ohio state,-58.0,58.0,(2-3),(4-0),Unranked,2
"Week 5, 2016",notre dame,syracuse,17.0,-17.0,(2-3),(2-3),Unranked,Unranked
"Week 5, 2016",smu,temple,-25.0,25.0,(2-3),(3-2),Unranked,Unranked
"Week 5, 2016",virginia,duke,14.0,-14.0,(2-3),(2-3),Unranked,Unranked
"Week 5, 2016",buffalo,boston college,-32.0,32.0,(1-3),(3-2),Unranked,Unranked
"Week 5, 2016",ohio,miami (ohio),10.0,-10.0,(3-2),(0-5),Unranked,Unranked
"Week 5, 2016",oregon state,colorado,-41.0,41.0,(1-3),(4-1),Unranked,Unranked
"Week 5, 2016",eastern michigan,bowling green,3.0,-3.0,(4-1),(1-4),Unranked,Unranked
"Week 5, 2016",ul monroe,auburn,-51.0,51.0,(1-3),(3-2),Unranked,Unranked
"Week 5, 2016",kansas state,west virginia,-1.0,1.0,(2-2),(4-0),Unranked,Unranked
"Week 5, 2016",illinois,nebraska,-15.0,15.0,(1-3),(5-0),Unranked,15
"Week 5, 2016",navy,air force,-14.0,14.0,(3-1),(4-0),Unranked,Unranked
"Week 5, 2016",minnesota,penn state,-3.0,3.0,(3-1),(3-2),Unranked,Unranked
"Week 5, 2016",niu,ball state,7.0,-7.0,(1-4),(3-2),Unranked,Unranked
"Week 5, 2016",akron,kent state,4.0,-4.0,(3-2),(1-4),Unranked,Unranked
"Week 5, 2016",tennessee,georgia,3.0,-3.0,(5-0),(3-2),11,25
"Week 5, 2016",north carolina,florida state,2.0,-2.0,(4-1),(3-2),Unranked,12
"Week 5, 2016",purdue,maryland,-43.0,43.0,(2-2),(4-0),Unranked,Unranked
"Week 5, 2016",tulane,massachusetts,7.0,-7.0,(3-2),(1-4),Unranked,Unranked
"Week 5, 2016",wisconsin,michigan,-7.0,7.0,(4-1),(5-0),8,4
"Week 5, 2016",wake forest,nc state,-17.0,17.0,(4-1),(3-1),Unranked,Unranked
"Week 5, 2016",san jose state,new mexico,-7.0,7.0,(1-4),(2-2),Unranked,Unranked
"Week 5, 2016",texas a&m,south carolina,11.0,-11.0,(5-0),(2-3),9,Unranked
"Week 5, 2016",troy,idaho,21.0,-21.0,(4-1),(2-3),Unranked,Unranked
"Week 5, 2016",oklahoma,tcu,6.0,-6.0,(2-2),(3-2),Unranked,21
"Week 5, 2016",utah,california,-5.0,5.0,(4-1),(3-2),18,Unranked
"Week 5, 2016",old dominion,charlotte,35.0,-35.0,(3-2),(1-4),Unranked,Unranked
"Week 5, 2016",memphis,ole miss,-20.0,20.0,(3-1),(3-2),Unranked,16
"Week 5, 2016",rice,southern miss,-16.0,16.0,(0-5),(4-1),Unranked,Unranked
"Week 5, 2016",fcs_team,western kentucky,-47.0,47.0,(2-3),(3-2),Unranked,Unranked
"Week 5, 2016",western michigan,central michigan,39.0,-39.0,(5-0),(3-2),Unranked,Unranked
"Week 5, 2016",middle tennessee state,north texas,17.0,-17.0,(4-1),(2-3),Unranked,Unranked
"Week 5, 2016",utep,louisiana tech,-21.0,21.0,(1-4),(2-3),Unranked,Unranked
"Week 5, 2016",south florida,cincinnati,25.0,-25.0,(4-1),(3-2),Unranked,Unranked
"Week 5, 2016",fau,fiu,-2.0,2.0,(1-4),(1-4),Unranked,Unranked
"Week 5, 2016",kentucky,alabama,-28.0,28.0,(2-3),(5-0),Unranked,1
"Week 5, 2016",fcs_team,texas state,-31.0,31.0,(1-4),(2-2),Unranked,Unranked
"Week 5, 2016",marshall,pittsburgh,-16.0,16.0,(1-3),(3-2),Unranked,Unranked
"Week 5, 2016",missouri,lsu,-35.0,35.0,(2-3),(3-2),Unranked,Unranked
"Week 5, 2016",san diego state,south alabama,-18.0,18.0,(3-1),(3-2),19,Unranked
"Week 5, 2016",ul lafayette,new mexico state,0.0,0.0,(2-3),(2-3),Unranked,Unranked
"Week 5, 2016",michigan state,indiana,-3.0,3.0,(2-2),(3-1),17,Unranked
"Week 5, 2016",louisville,clemson,-6.0,6.0,(4-1),(5-0),3,5
"Week 5, 2016",arizona state,usc,-21.0,21.0,(4-1),(2-3),Unranked,Unranked
"Week 5, 2016",oregon,washington state,-18.0,18.0,(2-3),(2-2),Unranked,Unranked
"Week 5, 2016",wyoming,colorado state,21.0,-21.0,(3-2),(2-3),Unranked,Unranked
"Week 5, 2016",utah state,boise state,-11.0,11.0,(2-3),(4-0),Unranked,24
"Week 5, 2016",fresno state,unlv,-25.0,25.0,(1-4),(2-3),Unranked,Unranked
"Week 5, 2016",arizona,ucla,-21.0,21.0,(2-3),(3-2),Unranked,Unranked
"Week 5, 2016",stanford,washington,-38.0,38.0,(3-1),(5-0),7,10
"Week 5, 2016",toledo,brigham young,-2.0,2.0,(3-1),(2-3),Unranked,Unranked
"Week 5, 2016",connecticut,houston,-28.0,28.0,(2-3),(5-0),Unranked,6
"Week 5, 2016",kansas,texas tech,-36.0,36.0,(1-3),(3-1),Unranked,Unranked
"Week 6, 2016",charlotte,fau,5.0,-5.0,(2-4),(1-5),Unranked,Unranked
"Week 6, 2016",georgia,south carolina,14.0,-14.0,(4-2),(2-4),Unranked,Unranked
"Week 6, 2016",cincinnati,connecticut,-11.0,11.0,(3-3),(3-3),Unranked,Unranked
"Week 6, 2016",iowa,minnesota,7.0,-7.0,(4-2),(3-2),Unranked,Unranked
"Week 6, 2016",auburn,mississippi state,24.0,-24.0,(4-2),(2-3),Unranked,Unranked
"Week 6, 2016",southern miss,utsa,-23.0,23.0,(4-2),(2-3),Unranked,Unranked
"Week 6, 2016",tcu,kansas,1.0,-1.0,(4-2),(1-4),Unranked,Unranked
"Week 6, 2016",texas,oklahoma,-5.0,5.0,(2-3),(3-2),Unranked,20
"Week 6, 2016",east carolina,south florida,-16.0,16.0,(2-4),(5-1),Unranked,Unranked
"Week 6, 2016",notre dame,nc state,-7.0,7.0,(2-4),(4-1),Unranked,Unranked
"Week 6, 2016",maryland,penn state,-24.0,24.0,(4-1),(4-2),Unranked,Unranked
"Week 6, 2016",georgia tech,pittsburgh,-3.0,3.0,(3-3),(4-2),Unranked,Unranked
"Week 6, 2016",bowling green,ohio,-6.0,6.0,(1-5),(4-2),Unranked,Unranked
"Week 6, 2016",toledo,eastern michigan,15.0,-15.0,(4-1),(4-2),Unranked,Unranked
"Week 6, 2016",miami (ohio),akron,-22.0,22.0,(0-6),(4-2),Unranked,Unranked
"Week 6, 2016",houston,navy,-6.0,6.0,(5-1),(4-1),6,Unranked
"Week 6, 2016",tennessee,texas a&m,0.0,0.0,(5-1),(6-0),9,8
"Week 6, 2016",texas state,georgia state,-20.0,20.0,(2-3),(1-4),Unranked,Unranked
"Week 6, 2016",ball state,central michigan,-3.0,3.0,(3-3),(4-2),Unranked,Unranked
"Week 6, 2016",air force,wyoming,-9.0,9.0,(4-1),(4-2),Unranked,Unranked
"Week 6, 2016",iowa state,oklahoma state,-7.0,7.0,(1-5),(4-2),Unranked,Unranked
"Week 6, 2016",kent state,buffalo,24.0,-24.0,(2-4),(1-4),Unranked,Unranked
"Week 6, 2016",army,duke,-7.0,7.0,(3-2),(3-3),Unranked,Unranked
"Week 6, 2016",purdue,illinois,3.0,-3.0,(3-2),(1-4),Unranked,Unranked
"Week 6, 2016",brigham young,michigan state,17.0,-17.0,(3-3),(2-3),Unranked,Unranked
"Week 6, 2016",virginia tech,north carolina,31.0,-31.0,(4-1),(4-2),25,17
"Week 6, 2016",indiana,ohio state,-21.0,21.0,(3-2),(5-0),Unranked,2
"Week 6, 2016",colorado,usc,-4.0,4.0,(4-2),(3-3),21,Unranked
"Week 6, 2016",vanderbilt,kentucky,-7.0,7.0,(2-4),(3-3),Unranked,Unranked
"Week 6, 2016",hawaii,san jose state,17.0,-17.0,(3-3),(1-5),Unranked,Unranked
"Week 6, 2016",niu,western michigan,-15.0,15.0,(1-5),(6-0),Unranked,Unranked
"Week 6, 2016",idaho,ul monroe,3.0,-3.0,(3-3),(1-4),Unranked,Unranked
"Week 6, 2016",marshall,north texas,-17.0,17.0,(1-4),(3-3),Unranked,Unranked
"Week 6, 2016",fresno state,nevada,-5.0,5.0,(1-5),(3-3),Unranked,Unranked
"Week 6, 2016",texas tech,kansas state,-6.0,6.0,(3-2),(3-2),Unranked,Unranked
"Week 6, 2016",alabama,arkansas,19.0,-19.0,(6-0),(4-2),1,16
"Week 6, 2016",syracuse,wake forest,-19.0,19.0,(2-4),(5-1),Unranked,Unranked
"Week 6, 2016",michigan,rutgers,78.0,-78.0,(6-0),(2-4),4,Unranked
"Week 6, 2016",washington,oregon,49.0,-49.0,(6-0),(2-4),5,Unranked
"Week 6, 2016",florida state,miami (fla.),1.0,-1.0,(4-2),(4-1),23,10
"Week 6, 2016",fiu,utep,14.0,-14.0,(2-4),(1-5),Unranked,Unranked
"Week 6, 2016",california,oregon state,-3.0,3.0,(3-3),(2-3),Unranked,Unranked
"Week 6, 2016",arizona,utah,-13.0,13.0,(2-4),(5-1),Unranked,24
"Week 6, 2016",utah state,colorado state,-7.0,7.0,(2-4),(3-3),Unranked,Unranked
"Week 6, 2016",unlv,san diego state,-19.0,19.0,(2-4),(4-1),Unranked,Unranked
"Week 6, 2016",washington state,stanford,26.0,-26.0,(3-2),(3-2),Unranked,15
"Week 6, 2016",ucla,arizona state,-3.0,3.0,(3-3),(1-4),Unranked,Unranked
"Week 6, 2016",clemson,boston college,46.0,-46.0,(6-0),(3-3),3,Unranked
"Week 6, 2016",massachusetts,old dominion,-20.0,20.0,(1-5),(4-2),Unranked,Unranked
"Week 6, 2016",smu,tulsa,-3.0,3.0,(2-4),(4-1),Unranked,Unranked
"Week 6, 2016",boise state,new mexico,28.0,-28.0,(5-0),(2-3),19,Unranked
"Week 6, 2016",western kentucky,louisiana tech,-3.0,3.0,(3-3),(3-3),Unranked,Unranked
"Week 6, 2016",temple,memphis,-7.0,7.0,(3-3),(4-1),Unranked,Unranked
"Week 6, 2016",georgia southern,arkansas state,-1.0,1.0,(3-2),(1-4),Unranked,Unranked
"Week 7, 2016",unlv,hawaii,3.0,-3.0,(3-4),(3-4),Unranked,Unranked
"Week 7, 2016",illinois,rutgers,17.0,-17.0,(2-4),(2-5),Unranked,Unranked
"Week 7, 2016",kansas state,oklahoma,-21.0,21.0,(3-3),(4-2),Unranked,19
"Week 7, 2016",west virginia,texas tech,31.0,-31.0,(5-0),(3-3),20,Unranked
"Week 7, 2016",iowa,purdue,14.0,-14.0,(5-2),(3-3),Unranked,Unranked
"Week 7, 2016",minnesota,maryland,21.0,-21.0,(4-2),(4-2),Unranked,Unranked
"Week 7, 2016",nc state,clemson,-7.0,7.0,(4-2),(7-0),Unranked,3
"Week 7, 2016",vanderbilt,georgia,1.0,-1.0,(3-4),(4-3),Unranked,Unranked
"Week 7, 2016",ul lafayette,army,-55.0,55.0,(1-6),(4-2),Unranked,Unranked
"Week 7, 2016",pittsburgh,virginia,14.0,-14.0,(5-2),(2-4),Unranked,Unranked
"Week 7, 2016",georgia southern,georgia tech,-11.0,11.0,(3-3),(4-3),Unranked,Unranked
"Week 7, 2016",eastern michigan,ohio,7.0,-7.0,(5-2),(4-3),Unranked,Unranked
"Week 7, 2016",kent state,miami (ohio),-4.0,4.0,(2-5),(1-6),Unranked,Unranked
"Week 7, 2016",western kentucky,middle tennessee state,0.0,0.0,(4-3),(4-2),Unranked,Unranked
"Week 7, 2016",ball state,buffalo,10.0,-10.0,(4-3),(1-5),Unranked,Unranked
"Week 7, 2016",western michigan,akron,41.0,-41.0,(7-0),(4-3),24,Unranked
"Week 7, 2016",new mexico,air force,5.0,-5.0,(3-3),(4-2),Unranked,Unranked
"Week 7, 2016",usc,arizona,34.0,-34.0,(4-3),(2-5),Unranked,Unranked
"Week 7, 2016",georgia state,troy,-10.0,10.0,(1-5),(5-1),Unranked,Unranked
"Week 7, 2016",central michigan,niu,0.0,0.0,(5-2),(1-6),Unranked,Unranked
"Week 7, 2016",bowling green,toledo,-7.0,7.0,(1-6),(5-1),Unranked,Unranked
"Week 7, 2016",nebraska,indiana,5.0,-5.0,(6-0),(3-3),10,Unranked
"Week 7, 2016",wake forest,florida state,-11.0,11.0,(5-2),(5-2),Unranked,14
"Week 7, 2016",louisiana tech,massachusetts,28.0,-28.0,(4-3),(1-6),Unranked,Unranked
"Week 7, 2016",north carolina,miami (fla.),7.0,-7.0,(5-2),(4-2),Unranked,16
"Week 7, 2016",alabama,tennessee,39.0,-39.0,(7-0),(5-2),1,9
"Week 7, 2016",northwestern,michigan state,14.0,-14.0,(3-3),(2-4),Unranked,Unranked
"Week 7, 2016",kansas,baylor,-42.0,42.0,(1-5),(6-0),Unranked,11
"Week 7, 2016",virginia tech,syracuse,-14.0,14.0,(4-2),(3-4),17,Unranked
"Week 7, 2016",missouri,florida,-26.0,26.0,(2-4),(5-1),Unranked,18
"Week 7, 2016",utah,oregon state,5.0,-5.0,(6-1),(2-4),21,Unranked
"Week 7, 2016",new mexico state,idaho,-32.0,32.0,(2-4),(4-3),Unranked,Unranked
"Week 7, 2016",fiu,charlotte,1.0,-1.0,(3-4),(2-5),Unranked,Unranked
"Week 7, 2016",iowa state,texas,-21.0,21.0,(1-6),(3-3),Unranked,Unranked
"Week 7, 2016",south alabama,arkansas state,-10.0,10.0,(3-3),(2-4),Unranked,Unranked
"Week 7, 2016",utsa,rice,1.0,-1.0,(3-3),(0-6),Unranked,Unranked
"Week 7, 2016",texas state,ul monroe,-6.0,6.0,(2-4),(2-4),Unranked,Unranked
"Week 7, 2016",connecticut,south florida,-15.0,15.0,(3-4),(6-1),Unranked,Unranked
"Week 7, 2016",tulsa,houston,-7.0,7.0,(4-2),(6-1),Unranked,13
"Week 7, 2016",fau,marshall,-6.0,6.0,(1-6),(2-4),Unranked,Unranked
"Week 7, 2016",ole miss,arkansas,-4.0,4.0,(3-3),(5-2),12,22
"Week 7, 2016",temple,ucf,1.0,-1.0,(4-3),(3-3),Unranked,Unranked
"Week 7, 2016",southern miss,lsu,-35.0,35.0,(4-3),(4-2),Unranked,Unranked
"Week 7, 2016",stanford,notre dame,7.0,-7.0,(4-2),(2-5),Unranked,Unranked
"Week 7, 2016",arizona state,colorado,-24.0,24.0,(5-2),(5-2),Unranked,Unranked
"Week 7, 2016",ohio state,wisconsin,7.0,-7.0,(6-0),(4-2),2,8
"Week 7, 2016",colorado state,boise state,-5.0,5.0,(3-4),(6-0),Unranked,15
"Week 7, 2016",nevada,san jose state,-4.0,4.0,(3-4),(2-5),Unranked,Unranked
"Week 7, 2016",ucla,washington state,-6.0,6.0,(3-4),(4-2),Unranked,Unranked
"Week 7, 2016",duke,louisville,-10.0,10.0,(3-4),(5-1),Unranked,7
"Week 7, 2016",memphis,tulane,10.0,-10.0,(5-1),(3-3),Unranked,Unranked
"Week 7, 2016",san diego state,fresno state,14.0,-14.0,(5-1),(1-6),Unranked,Unranked
"Week 7, 2016",mississippi state,brigham young,0.0,0.0,(2-4),(4-3),Unranked,Unranked
"Week 7, 2016",app,ul lafayette,24.0,-24.0,(4-2),(2-4),Unranked,Unranked
"Week 8, 2016",rutgers,minnesota,-2.0,2.0,(2-6),(5-2),Unranked,Unranked
"Week 8, 2016",indiana,northwestern,-10.0,10.0,(3-4),(4-3),Unranked,Unranked
"Week 8, 2016",miami (ohio),bowling green,14.0,-14.0,(2-6),(1-7),Unranked,Unranked
"Week 8, 2016",north texas,army,17.0,-17.0,(4-3),(4-3),Unranked,Unranked
"Week 8, 2016",texas,kansas state,-3.0,3.0,(3-4),(4-3),Unranked,Unranked
"Week 8, 2016",central michigan,toledo,-14.0,14.0,(5-3),(6-1),Unranked,Unranked
"Week 8, 2016",ucf,connecticut,8.0,-8.0,(4-3),(3-5),Unranked,Unranked
"Week 8, 2016",oklahoma state,kansas,24.0,-24.0,(5-2),(0-6),Unranked,Unranked
"Week 8, 2016",nc state,louisville,-41.0,41.0,(4-3),(6-1),Unranked,5
"Week 8, 2016",massachusetts,south carolina,-6.0,6.0,(1-7),(3-4),Unranked,Unranked
"Week 8, 2016",wisconsin,iowa,8.0,-8.0,(5-2),(5-3),11,Unranked
"Week 8, 2016",syracuse,boston college,8.0,-8.0,(4-4),(3-4),Unranked,Unranked
"Week 8, 2016",ohio,kent state,4.0,-4.0,(5-3),(2-6),Unranked,Unranked
"Week 8, 2016",hawaii,air force,0.0,0.0,(4-4),(4-3),Unranked,Unranked
"Week 8, 2016",north carolina,virginia,21.0,-21.0,(6-2),(2-5),21,Unranked
"Week 8, 2016",akron,ball state,10.0,-10.0,(5-3),(4-4),Unranked,Unranked
"Week 8, 2016",colorado,stanford,5.0,-5.0,(6-2),(4-3),23,Unranked
"Week 8, 2016",fcs_team,rice,-21.0,21.0,(4-3),(1-6),Unranked,Unranked
"Week 8, 2016",eastern michigan,western michigan,-14.0,14.0,(5-3),(8-0),Unranked,20
"Week 8, 2016",idaho,app,-18.0,18.0,(4-4),(5-2),Unranked,Unranked
"Week 8, 2016",purdue,nebraska,-13.0,13.0,(3-4),(1-0),Unranked,7
"Week 8, 2016",buffalo,niu,-37.0,37.0,(1-6),(2-6),Unranked,Unranked
"Week 8, 2016",fcs_team,georgia state,-25.0,25.0,(4-4),(2-5),Unranked,Unranked
"Week 8, 2016",illinois,michigan,-33.0,33.0,(2-5),(7-0),Unranked,2
"Week 8, 2016",memphis,navy,-14.0,14.0,(5-2),(5-1),Unranked,22
"Week 8, 2016",texas a&m,alabama,-19.0,19.0,(6-1),(8-0),9,1
"Week 8, 2016",tcu,west virginia,-24.0,24.0,(4-3),(6-0),Unranked,10
"Week 8, 2016",tulane,tulsa,-23.0,23.0,(3-4),(5-2),Unranked,Unranked
"Week 8, 2016",utah,ucla,7.0,-7.0,(7-1),(3-5),17,Unranked
"Week 8, 2016",middle tennessee state,missouri,6.0,-6.0,(5-2),(2-5),Unranked,Unranked
"Week 8, 2016",colorado state,unlv,19.0,-19.0,(4-4),(3-5),Unranked,Unranked
"Week 8, 2016",charlotte,marshall,3.0,-3.0,(3-5),(2-5),Unranked,Unranked
"Week 8, 2016",arkansas,auburn,-53.0,53.0,(5-3),(5-2),Unranked,15
"Week 8, 2016",oregon state,washington,-24.0,24.0,(2-5),(7-0),Unranked,4
"Week 8, 2016",utep,utsa,0.0,0.0,(2-5),(3-4),Unranked,Unranked
"Week 8, 2016",ul lafayette,texas state,24.0,-24.0,(3-4),(2-5),Unranked,Unranked
"Week 8, 2016",old dominion,western kentucky,-35.0,35.0,(4-3),(5-3),Unranked,Unranked
"Week 8, 2016",houston,smu,-22.0,22.0,(6-2),(3-4),Unranked,Unranked
"Week 8, 2016",louisiana tech,fiu,20.0,-20.0,(5-3),(3-5),Unranked,Unranked
"Week 8, 2016",east carolina,cincinnati,-12.0,12.0,(2-5),(4-3),Unranked,Unranked
"Week 8, 2016",fcs_team,vanderbilt,-18.0,18.0,(5-2),(4-4),Unranked,Unranked
"Week 8, 2016",mississippi state,kentucky,-2.0,2.0,(2-5),(4-3),Unranked,Unranked
"Week 8, 2016",michigan state,maryland,-11.0,11.0,(2-5),(5-2),Unranked,Unranked
"Week 8, 2016",georgia southern,new mexico state,3.0,-3.0,(4-3),(2-5),Unranked,Unranked
"Week 8, 2016",oklahoma,texas tech,7.0,-7.0,(5-2),(3-4),16,Unranked
"Week 8, 2016",ohio state,penn state,-3.0,3.0,(6-1),(5-2),6,24
"Week 8, 2016",ul monroe,new mexico,-42.0,42.0,(2-5),(4-3),Unranked,Unranked
"Week 8, 2016",ole miss,lsu,-17.0,17.0,(3-4),(5-2),Unranked,19
"Week 8, 2016",washington state,arizona state,5.0,-5.0,(5-2),(0-6),Unranked,Unranked
"Week 8, 2016",wyoming,nevada,8.0,-8.0,(5-2),(3-5),Unranked,Unranked
"Week 8, 2016",fresno state,utah state,-18.0,18.0,(1-7),(3-4),Unranked,Unranked
"Week 8, 2016",south florida,temple,-16.0,16.0,(6-2),(5-3),Unranked,Unranked
"Week 8, 2016",san jose state,san diego state,-39.0,39.0,(2-6),(6-1),Unranked,Unranked
"Week 8, 2016",oregon,california,0.0,0.0,(2-5),(4-3),Unranked,Unranked
"Week 8, 2016",miami (fla.),virginia tech,-21.0,21.0,(4-3),(5-2),Unranked,25
"Week 8, 2016",troy,south alabama,7.0,-7.0,(6-1),(3-4),Unranked,Unranked
"Week 8, 2016",brigham young,boise state,-1.0,1.0,(4-4),(7-0),Unranked,13
"Week 9, 2016",new mexico,hawaii,7.0,-7.0,(5-3),(4-5),Unranked,Unranked
"Week 9, 2016",kentucky,missouri,14.0,-14.0,(5-3),(2-6),Unranked,Unranked
"Week 9, 2016",minnesota,illinois,23.0,-23.0,(6-2),(2-6),Unranked,Unranked
"Week 9, 2016",west virginia,oklahoma state,-17.0,17.0,(6-1),(6-2),14,22
"Week 9, 2016",fcs_team,central michigan,3.0,-3.0,(3-6),(5-4),Unranked,Unranked
"Week 9, 2016",connecticut,east carolina,-38.0,38.0,(3-6),(3-5),Unranked,Unranked
"Week 9, 2016",ucf,houston,-7.0,7.0,(4-4),(7-2),Unranked,Unranked
"Week 9, 2016",kansas state,iowa state,5.0,-5.0,(5-3),(1-7),Unranked,Unranked
"Week 9, 2016",fcs_team,massachusetts,-24.0,24.0,(4-4),(2-7),Unranked,Unranked
"Week 9, 2016",michigan,michigan state,9.0,-9.0,(8-0),(2-6),2,Unranked
"Week 9, 2016",penn state,purdue,38.0,-38.0,(6-2),(3-5),20,Unranked
"Week 9, 2016",duke,georgia tech,-3.0,3.0,(3-5),(5-3),Unranked,Unranked
"Week 9, 2016",louisville,virginia,7.0,-7.0,(7-1),(2-6),5,Unranked
"Week 9, 2016",boston college,nc state,7.0,-7.0,(4-4),(4-4),Unranked,Unranked
"Week 9, 2016",texas tech,tcu,0.0,0.0,(4-4),(4-4),Unranked,Unranked
"Week 9, 2016",baylor,texas,-1.0,1.0,(6-1),(4-4),13,Unranked
"Week 9, 2016",fcs_team,fcs_team,-15.0,15.0,(6-2),(3-5),Unranked,Unranked
"Week 9, 2016",miami (ohio),eastern michigan,13.0,-13.0,(3-6),(5-4),Unranked,Unranked
"Week 9, 2016",florida,georgia,14.0,-14.0,(6-1),(4-4),10,Unranked
"Week 9, 2016",washington,utah,7.0,-7.0,(8-0),(7-2),4,16
"Week 9, 2016",maryland,indiana,-6.0,6.0,(5-3),(4-4),Unranked,Unranked
"Week 9, 2016",western kentucky,fau,49.0,-49.0,(6-3),(1-7),Unranked,Unranked
"Week 9, 2016",miami (fla.),notre dame,-3.0,3.0,(4-4),(3-5),Unranked,Unranked
"Week 9, 2016",northwestern,ohio state,-4.0,4.0,(4-4),(7-1),Unranked,6
"Week 9, 2016",cincinnati,temple,-21.0,21.0,(4-4),(6-3),Unranked,Unranked
"Week 9, 2016",army,wake forest,8.0,-8.0,(5-3),(5-3),Unranked,Unranked
"Week 9, 2016",smu,tulane,4.0,-4.0,(4-4),(3-5),Unranked,Unranked
"Week 9, 2016",arizona state,oregon,-19.0,19.0,(5-4),(3-5),Unranked,Unranked
"Week 9, 2016",georgia state,south alabama,-3.0,3.0,(2-6),(4-4),Unranked,Unranked
"Week 9, 2016",north texas,utsa,-14.0,14.0,(4-4),(4-4),Unranked,Unranked
"Week 9, 2016",nebraska,wisconsin,-6.0,6.0,(7-1),(6-2),9,8
"Week 9, 2016",ul monroe,arkansas state,-41.0,41.0,(2-6),(3-4),Unranked,Unranked
"Week 9, 2016",boise state,wyoming,-2.0,2.0,(7-1),(6-2),24,Unranked
"Week 9, 2016",marshall,southern miss,-10.0,10.0,(2-6),(5-3),Unranked,Unranked
"Week 9, 2016",kansas,oklahoma,-53.0,53.0,(1-7),(6-2),Unranked,12
"Week 9, 2016",middle tennessee state,fiu,7.0,-7.0,(6-2),(3-6),Unranked,Unranked
"Week 9, 2016",rice,louisiana tech,-45.0,45.0,(1-7),(6-3),Unranked,Unranked
"Week 9, 2016",auburn,ole miss,11.0,-11.0,(6-2),(3-5),11,Unranked
"Week 9, 2016",tennessee,south carolina,-3.0,3.0,(5-3),(4-4),Unranked,Unranked
"Week 9, 2016",new mexico state,texas a&m,-42.0,42.0,(2-6),(7-1),Unranked,7
"Week 9, 2016",clemson,florida state,3.0,-3.0,(8-0),(5-3),3,19
"Week 9, 2016",old dominion,utep,10.0,-10.0,(5-3),(2-6),Unranked,Unranked
"Week 9, 2016",tulsa,memphis,29.0,-29.0,(6-2),(5-3),Unranked,Unranked
"Week 9, 2016",unlv,san jose state,-6.0,6.0,(3-6),(3-6),Unranked,Unranked
"Week 9, 2016",washington state,fcs_team,4.0,-4.0,(6-2),(2-6),25,Unranked
"Week 9, 2016",stanford,arizona,24.0,-24.0,(5-3),(2-6),Unranked,Unranked
"Week 9, 2016",navy,south florida,-7.0,7.0,(5-2),(7-2),Unranked,Unranked
"Week 9, 2016",san diego state,fcs_team,27.0,-27.0,(7-1),(3-5),Unranked,Unranked
"Week 9, 2016",air force,fresno state,10.0,-10.0,(5-3),(1-8),Unranked,Unranked
"Week 9, 2016",virginia tech,pittsburgh,3.0,-3.0,(6-2),(5-3),23,Unranked
"Week 9, 2016",fcs_team,georgia southern,24.0,-24.0,(6-2),(4-4),Unranked,Unranked
"Week 9, 2016",ohio,toledo,5.0,-5.0,(6-3),(6-2),Unranked,Unranked
"Week 9, 2016",akron,buffalo,-21.0,21.0,(5-4),(2-6),Unranked,Unranked
"Week 9, 2016",california,usc,-21.0,21.0,(4-4),(5-3),Unranked,Unranked
"Week 10, 2016",notre dame,navy,-1.0,1.0,(3-5),(5-2),Unranked,Unranked
"Week 10, 2016",texas a&m,fcs_team,-7.0,7.0,(7-1),(3-5),4,Unranked
"Week 10, 2016",wisconsin,northwestern,14.0,-14.0,(6-2),(4-4),8,Unranked
"Week 10, 2016",georgia southern,ole miss,-10.0,10.0,(4-4),(3-5),Unranked,Unranked
"Week 10, 2016",michigan state,illinois,-4.0,4.0,(2-6),(2-6),Unranked,Unranked
"Week 10, 2016",texas,texas tech,8.0,-8.0,(4-4),(4-4),Unranked,Unranked
"Week 10, 2016",air force,army,19.0,-19.0,(5-3),(5-3),Unranked,Unranked
"Week 10, 2016",vanderbilt,auburn,-7.0,7.0,(4-4),(6-2),Unranked,9
"Week 10, 2016",louisville,boston college,45.0,-45.0,(7-1),(4-4),7,Unranked
"Week 10, 2016",indiana,rutgers,6.0,-6.0,(4-4),(2-6),Unranked,Unranked
"Week 10, 2016",georgia tech,north carolina,-28.0,28.0,(5-3),(6-2),Unranked,21
"Week 10, 2016",pittsburgh,miami (fla.),-23.0,23.0,(5-3),(4-4),Unranked,Unranked
"Week 10, 2016",utsa,middle tennessee state,20.0,-20.0,(4-4),(6-2),Unranked,Unranked
"Week 10, 2016",virginia,wake forest,-7.0,7.0,(2-6),(5-3),Unranked,Unranked
"Week 10, 2016",charlotte,southern miss,11.0,-11.0,(3-5),(5-3),Unranked,Unranked
"Week 10, 2016",fau,rice,17.0,-17.0,(1-7),(1-7),Unranked,Unranked
"Week 10, 2016",massachusetts,troy,-21.0,21.0,(2-7),(6-1),Unranked,Unranked
"Week 10, 2016",purdue,minnesota,-13.0,13.0,(3-5),(6-2),Unranked,Unranked
"Week 10, 2016",texas state,fcs_team,-25.0,25.0,(2-5),(6-2),Unranked,Unranked
"Week 10, 2016",fresno state,colorado state,-37.0,37.0,(1-8),(4-4),Unranked,Unranked
"Week 10, 2016",oregon state,stanford,-11.0,11.0,(2-6),(5-3),Unranked,Unranked
"Week 10, 2016",brigham young,cincinnati,17.0,-17.0,(4-4),(4-4),Unranked,Unranked
"Week 10, 2016",oklahoma state,kansas state,6.0,-6.0,(6-2),(5-3),18,Unranked
"Week 10, 2016",syracuse,clemson,-54.0,54.0,(4-4),(8-0),Unranked,2
"Week 10, 2016",virginia tech,duke,3.0,-3.0,(6-2),(3-5),19,Unranked
"Week 10, 2016",tcu,baylor,40.0,-40.0,(4-4),(6-1),Unranked,17
"Week 10, 2016",florida,arkansas,-21.0,21.0,(6-1),(5-3),11,Unranked
"Week 10, 2016",maryland,michigan,-56.0,56.0,(5-3),(8-0),Unranked,3
"Week 10, 2016",arizona,washington state,-62.0,62.0,(2-6),(6-2),Unranked,25
"Week 10, 2016",memphis,smu,44.0,-44.0,(5-3),(4-4),Unranked,Unranked
"Week 10, 2016",missouri,south carolina,-10.0,10.0,(2-6),(4-4),Unranked,Unranked
"Week 10, 2016",fcs_team,tennessee,-55.0,55.0,(3-5),(5-3),Unranked,Unranked
"Week 10, 2016",tulane,ucf,-31.0,31.0,(3-5),(4-4),Unranked,Unranked
"Week 10, 2016",south alabama,ul monroe,-7.0,7.0,(4-4),(2-6),Unranked,Unranked
"Week 10, 2016",idaho,ul lafayette,10.0,-10.0,(4-4),(3-4),Unranked,Unranked
"Week 10, 2016",fiu,western kentucky,-28.0,28.0,(3-6),(6-3),Unranked,Unranked
"Week 10, 2016",louisiana tech,north texas,21.0,-21.0,(6-3),(4-4),Unranked,Unranked
"Week 10, 2016",hawaii,san diego state,-55.0,55.0,(4-6),(8-1),Unranked,Unranked
"Week 10, 2016",oregon,usc,-25.0,25.0,(3-6),(6-3),Unranked,Unranked
"Week 10, 2016",kansas,west virginia,-27.0,27.0,(1-8),(7-1),Unranked,20
"Week 10, 2016",marshall,old dominion,-24.0,24.0,(2-6),(5-3),Unranked,Unranked
"Week 10, 2016",florida state,nc state,4.0,-4.0,(6-3),(4-5),22,Unranked
"Week 10, 2016",iowa,penn state,-27.0,27.0,(5-4),(7-2),Unranked,12
"Week 10, 2016",georgia,kentucky,3.0,-3.0,(5-4),(5-4),Unranked,Unranked
"Week 10, 2016",fcs_team,utep,-32.0,32.0,(3-6),(3-6),Unranked,Unranked
"Week 10, 2016",east carolina,tulsa,-21.0,21.0,(3-6),(7-2),Unranked,Unranked
"Week 10, 2016",alabama,lsu,10.0,-10.0,(9-0),(5-3),1,13
"Week 10, 2016",nebraska,ohio state,-59.0,59.0,(7-2),(8-1),10,6
"Week 10, 2016",utah state,wyoming,-24.0,24.0,(3-6),(7-2),Unranked,Unranked
"Week 10, 2016",nevada,new mexico,-9.0,9.0,(3-6),(6-3),Unranked,Unranked
"Week 10, 2016",washington,california,39.0,-39.0,(9-0),(4-5),5,Unranked
"Week 10, 2016",central michigan,miami (ohio),-20.0,20.0,(5-4),(3-6),Unranked,Unranked
"Week 10, 2016",temple,connecticut,21.0,-21.0,(6-3),(3-6),Unranked,Unranked
"Week 10, 2016",san jose state,boise state,-14.0,14.0,(3-6),(7-0),Unranked,24
"Week 10, 2016",buffalo,ohio,-24.0,24.0,(2-6),(6-3),Unranked,Unranked
"Week 10, 2016",arkansas state,georgia state,15.0,-15.0,(3-4),(2-6),Unranked,Unranked
"Week 10, 2016",oklahoma,iowa state,10.0,-10.0,(6-2),(1-7),14,Unranked
"Week 10, 2016",ucla,colorado,-10.0,10.0,(3-5),(6-2),Unranked,15
"Week 10, 2016",toledo,akron,31.0,-31.0,(6-2),(5-4),Unranked,Unranked
"Week 10, 2016",bowling green,fcs_team,-25.0,25.0,(1-7),(2-6),Unranked,Unranked
"Week 10, 2016",western michigan,ball state,32.0,-32.0,(8-0),(4-4),23,Unranked
"Week 11, 2016",fcs_team,alabama,-48.0,48.0,(4-6),(10-0),Unranked,1
"Week 11, 2016",cincinnati,ucf,-21.0,21.0,(4-6),(6-4),Unranked,Unranked
"Week 11, 2016",iowa state,kansas,7.0,-7.0,(2-8),(0-9),Unranked,Unranked
"Week 11, 2016",baylor,oklahoma,-21.0,21.0,(6-3),(8-2),Unranked,11
"Week 11, 2016",west virginia,texas,4.0,-4.0,(8-1),(5-5),16,Unranked
"Week 11, 2016",kentucky,tennessee,-13.0,13.0,(5-5),(7-3),Unranked,Unranked
"Week 11, 2016",northwestern,purdue,28.0,-28.0,(5-5),(3-7),Unranked,Unranked
"Week 11, 2016",south carolina,florida,-13.0,13.0,(5-5),(7-2),Unranked,Unranked
"Week 11, 2016",penn state,indiana,14.0,-14.0,(8-2),(0-5),10,Unranked
"Week 11, 2016",rutgers,michigan state,-49.0,49.0,(2-8),(3-7),Unranked,Unranked
"Week 11, 2016",tulsa,navy,-2.0,2.0,(7-3),(7-2),Unranked,Unranked
"Week 11, 2016",smu,east carolina,24.0,-24.0,(5-5),(3-7),Unranked,Unranked
"Week 11, 2016",nc state,syracuse,15.0,-15.0,(5-5),(4-6),Unranked,Unranked
"Week 11, 2016",miami (ohio),buffalo,11.0,-11.0,(5-6),(2-8),Unranked,Unranked
"Week 11, 2016",ul monroe,georgia state,14.0,-14.0,(4-6),(2-8),Unranked,Unranked
"Week 11, 2016",miami (fla.),virginia,20.0,-20.0,(6-4),(2-8),Unranked,Unranked
"Week 11, 2016",rice,charlotte,1.0,-1.0,(2-8),(4-6),Unranked,Unranked
"Week 11, 2016",new mexico state,arkansas state,-19.0,19.0,(2-7),(5-4),Unranked,Unranked
"Week 11, 2016",fcs_team,brigham young,-30.0,30.0,(5-5),(6-4),Unranked,Unranked
"Week 11, 2016",texas tech,oklahoma state,-1.0,1.0,(4-6),(8-2),Unranked,13
"Week 11, 2016",army,notre dame,-38.0,38.0,(5-5),(4-6),Unranked,Unranked
"Week 11, 2016",north texas,western kentucky,-38.0,38.0,(4-6),(8-3),Unranked,Unranked
"Week 11, 2016",southern miss,old dominion,-16.0,16.0,(5-5),(7-3),Unranked,Unranked
"Week 11, 2016",fcs_team,troy,-4.0,4.0,(7-3),(8-1),Unranked,Unranked
"Week 11, 2016",wyoming,unlv,0.0,0.0,(7-3),(4-6),Unranked,Unranked
"Week 11, 2016",illinois,wisconsin,-45.0,45.0,(3-7),(8-2),Unranked,7
"Week 11, 2016",vanderbilt,missouri,-9.0,9.0,(4-6),(3-7),Unranked,Unranked
"Week 11, 2016",auburn,georgia,-6.0,6.0,(7-3),(6-4),9,Unranked
"Week 11, 2016",utsa,louisiana tech,-28.0,28.0,(5-5),(8-3),Unranked,Unranked
"Week 11, 2016",ohio state,maryland,59.0,-59.0,(9-1),(5-5),5,Unranked
"Week 11, 2016",pittsburgh,clemson,1.0,-1.0,(6-4),(9-1),Unranked,2
"Week 11, 2016",tulane,houston,-12.0,12.0,(3-7),(8-2),Unranked,Unranked
"Week 11, 2016",georgia tech,virginia tech,10.0,-10.0,(6-4),(7-3),Unranked,14
"Week 11, 2016",idaho,texas state,33.0,-33.0,(6-4),(2-7),Unranked,Unranked
"Week 11, 2016",stanford,oregon,25.0,-25.0,(7-3),(3-7),Unranked,Unranked
"Week 11, 2016",utep,fau,-4.0,4.0,(3-7),(3-7),Unranked,Unranked
"Week 11, 2016",south florida,memphis,7.0,-7.0,(8-2),(6-4),Unranked,Unranked
"Week 11, 2016",boise state,hawaii,36.0,-36.0,(9-1),(4-7),22,Unranked
"Week 11, 2016",lsu,arkansas,28.0,-28.0,(6-3),(6-4),24,25
"Week 11, 2016",middle tennessee state,marshall,-25.0,25.0,(6-4),(3-7),Unranked,Unranked
"Week 11, 2016",wake forest,louisville,-32.0,32.0,(6-4),(9-1),Unranked,6
"Week 11, 2016",usc,washington,13.0,-13.0,(7-3),(9-1),20,4
"Week 11, 2016",minnesota,nebraska,-7.0,7.0,(7-3),(1-2),Unranked,19
"Week 11, 2016",ole miss,texas a&m,1.0,-1.0,(5-5),(7-3),Unranked,8
"Week 11, 2016",michigan,iowa,-1.0,1.0,(9-1),(6-4),3,Unranked
"Week 11, 2016",oregon state,ucla,-14.0,14.0,(2-8),(4-6),Unranked,Unranked
"Week 11, 2016",colorado,arizona,25.0,-25.0,(8-2),(2-8),12,Unranked
"Week 11, 2016",new mexico,utah state,3.0,-3.0,(7-3),(3-7),Unranked,Unranked
"Week 11, 2016",colorado state,air force,-3.0,3.0,(5-5),(7-3),Unranked,Unranked
"Week 11, 2016",san diego state,nevada,30.0,-30.0,(9-1),(3-7),Unranked,Unranked
"Week 11, 2016",california,washington state,-35.0,35.0,(4-6),(8-2),Unranked,23
"Week 11, 2016",boston college,florida state,-38.0,38.0,(4-6),(7-3),Unranked,18
"Week 11, 2016",north carolina,duke,-1.0,1.0,(7-3),(4-6),17,Unranked
"Week 11, 2016",ul lafayette,georgia southern,7.0,-7.0,(4-5),(4-6),Unranked,Unranked
"Week 11, 2016",utah,arizona state,23.0,-23.0,(8-2),(5-5),15,Unranked
"Week 11, 2016",bowling green,akron,10.0,-10.0,(2-8),(5-6),Unranked,Unranked
"Week 11, 2016",toledo,fcs_team,7.0,-7.0,(8-2),(3-7),Unranked,Unranked
"Week 11, 2016",eastern michigan,ball state,7.0,-7.0,(6-4),(4-6),Unranked,Unranked
"Week 11, 2016",western michigan,fcs_team,16.0,-16.0,(10-0),(3-7),21,Unranked
"Week 12, 2016",utep,rice,-20.0,20.0,(3-8),(3-8),Unranked,Unranked
"Week 12, 2016",oklahoma state,tcu,25.0,-25.0,(9-2),(5-5),11,Unranked
"Week 12, 2016",utsa,texas a&m,-13.0,13.0,(5-6),(8-3),Unranked,25
"Week 12, 2016",fcs_team,army,-57.0,57.0,(2-8),(6-5),Unranked,Unranked
"Week 12, 2016",iowa,illinois,28.0,-28.0,(7-4),(3-8),Unranked,Unranked
"Week 12, 2016",maryland,nebraska,-21.0,21.0,(5-6),(0-2),Unranked,18
"Week 12, 2016",ul lafayette,georgia,-14.0,14.0,(4-6),(7-4),Unranked,Unranked
"Week 12, 2016",wisconsin,purdue,29.0,-29.0,(9-2),(3-8),7,Unranked
"Week 12, 2016",ohio state,michigan state,1.0,-1.0,(10-1),(3-8),2,Unranked
"Week 12, 2016",kansas state,baylor,21.0,-21.0,(6-4),(6-4),Unranked,Unranked
"Week 12, 2016",miami (fla.),nc state,14.0,-14.0,(7-4),(5-6),Unranked,Unranked
"Week 12, 2016",virginia,georgia tech,-14.0,14.0,(2-9),(7-4),Unranked,Unranked
"Week 12, 2016",florida,lsu,6.0,-6.0,(8-2),(6-4),23,16
"Week 12, 2016",connecticut,boston college,-30.0,30.0,(3-8),(5-6),Unranked,Unranked
"Week 12, 2016",georgia southern,georgia state,-6.0,6.0,(4-7),(3-8),Unranked,Unranked
"Week 12, 2016",middle tennessee state,charlotte,7.0,-7.0,(7-4),(4-7),Unranked,Unranked
"Week 12, 2016",oregon,utah,2.0,-2.0,(4-7),(8-3),Unranked,12
"Week 12, 2016",massachusetts,brigham young,-42.0,42.0,(2-9),(7-4),Unranked,Unranked
"Week 12, 2016",ul monroe,fcs_team,-25.0,25.0,(4-7),(8-3),Unranked,Unranked
"Week 12, 2016",duke,pittsburgh,-42.0,42.0,(4-7),(7-4),Unranked,Unranked
"Week 12, 2016",northwestern,minnesota,-17.0,17.0,(5-6),(8-3),Unranked,Unranked
"Week 12, 2016",texas,kansas,-3.0,3.0,(5-6),(1-9),Unranked,Unranked
"Week 12, 2016",washington state,colorado,-14.0,14.0,(8-3),(9-2),22,10
"Week 12, 2016",buffalo,western michigan,-38.0,38.0,(2-9),(11-0),Unranked,21
"Week 12, 2016",san diego state,wyoming,-1.0,1.0,(9-2),(8-3),Unranked,Unranked
"Week 12, 2016",temple,tulane,31.0,-31.0,(8-3),(3-8),Unranked,Unranked
"Week 12, 2016",indiana,michigan,-10.0,10.0,(5-6),(10-1),Unranked,3
"Week 12, 2016",texas tech,iowa state,-56.0,56.0,(4-7),(3-8),Unranked,Unranked
"Week 12, 2016",virginia tech,notre dame,3.0,-3.0,(8-3),(4-7),Unranked,Unranked
"Week 12, 2016",fcs_team,north carolina,-34.0,34.0,(10-1),(8-3),Unranked,Unranked
"Week 12, 2016",missouri,tennessee,-26.0,26.0,(3-8),(8-3),Unranked,19
"Week 12, 2016",florida state,syracuse,31.0,-31.0,(8-3),(4-7),17,Unranked
"Week 12, 2016",navy,east carolina,35.0,-35.0,(8-2),(3-8),Unranked,Unranked
"Week 12, 2016",fcs_team,south carolina,-13.0,13.0,(2-9),(6-5),Unranked,Unranked
"Week 12, 2016",utah state,nevada,-1.0,1.0,(3-8),(4-7),Unranked,Unranked
"Week 12, 2016",fcs_team,kentucky,-36.0,36.0,(0-11),(6-5),Unranked,Unranked
"Week 12, 2016",texas state,new mexico state,-40.0,40.0,(2-8),(3-7),Unranked,Unranked
"Week 12, 2016",stanford,california,14.0,-14.0,(8-3),(4-7),24,Unranked
"Week 12, 2016",southern miss,north texas,-6.0,6.0,(5-6),(5-6),Unranked,Unranked
"Week 12, 2016",old dominion,fau,18.0,-18.0,(8-3),(3-8),Unranked,Unranked
"Week 12, 2016",hawaii,fresno state,1.0,-1.0,(5-7),(1-10),Unranked,Unranked
"Week 12, 2016",south florida,smu,8.0,-8.0,(9-2),(5-6),Unranked,Unranked
"Week 12, 2016",fcs_team,south alabama,-24.0,24.0,(2-9),(5-5),Unranked,Unranked
"Week 12, 2016",clemson,wake forest,22.0,-22.0,(10-1),(6-5),4,Unranked
"Week 12, 2016",arkansas,fcs_team,16.0,-16.0,(7-4),(4-7),Unranked,Unranked
"Week 12, 2016",marshall,fiu,-17.0,17.0,(3-8),(4-7),Unranked,Unranked
"Week 12, 2016",fcs_team,alabama,-28.0,28.0,(8-3),(11-0),Unranked,1
"Week 12, 2016",arizona state,washington,-26.0,26.0,(5-6),(10-1),Unranked,6
"Week 12, 2016",fcs_team,auburn,-55.0,55.0,(4-7),(8-3),Unranked,15
"Week 12, 2016",oklahoma,west virginia,28.0,-28.0,(9-2),(8-2),9,14
"Week 12, 2016",ole miss,vanderbilt,-21.0,21.0,(5-6),(5-6),Unranked,Unranked
"Week 12, 2016",tulsa,ucf,15.0,-15.0,(8-3),(6-5),Unranked,Unranked
"Week 12, 2016",penn state,rutgers,39.0,-39.0,(9-2),(2-9),8,Unranked
"Week 12, 2016",new mexico,colorado state,-18.0,18.0,(7-4),(6-5),Unranked,Unranked
"Week 12, 2016",air force,san jose state,3.0,-3.0,(8-3),(3-8),Unranked,Unranked
"Week 12, 2016",arizona,oregon state,-25.0,25.0,(2-9),(3-8),Unranked,Unranked
"Week 12, 2016",usc,ucla,22.0,-22.0,(8-3),(4-7),13,Unranked
"Week 12, 2016",memphis,cincinnati,27.0,-27.0,(7-4),(4-7),Unranked,Unranked
"Week 12, 2016",unlv,boise state,-17.0,17.0,(4-7),(10-1),Unranked,20
"Week 12, 2016",louisville,houston,-26.0,26.0,(9-2),(9-2),5,Unranked
"Week 12, 2016",arkansas state,troy,32.0,-32.0,(6-4),(8-2),Unranked,Unranked
"Week 12, 2016",ball state,toledo,-18.0,18.0,(4-7),(9-2),Unranked,Unranked
"Week 12, 2016",fcs_team,eastern michigan,7.0,-7.0,(4-7),(6-5),Unranked,Unranked
"Week 12, 2016",ohio,central michigan,-7.0,7.0,(7-4),(6-5),Unranked,Unranked
"Week 12, 2016",kent state,bowling green,-35.0,35.0,(3-8),(3-8),Unranked,Unranked
"Week 13, 2016",virginia,virginia tech,-42.0,42.0,(2-10),(9-3),Unranked,Unranked
"Week 13, 2016",kansas,kansas state,-15.0,15.0,(2-10),(7-4),Unranked,Unranked
"Week 13, 2016",arkansas state,ul lafayette,-5.0,5.0,(6-5),(5-6),Unranked,Unranked
"Week 13, 2016",georgia tech,georgia,1.0,-1.0,(8-4),(7-5),Unranked,Unranked
"Week 13, 2016",ucf,south florida,-17.0,17.0,(6-6),(10-2),Unranked,Unranked
"Week 13, 2016",illinois,northwestern,-21.0,21.0,(3-9),(6-6),Unranked,Unranked
"Week 13, 2016",kentucky,louisville,3.0,-3.0,(7-5),(9-3),Unranked,11
"Week 13, 2016",michigan,ohio state,0.0,0.0,(10-1),(10-2),3,2
"Week 13, 2016",purdue,indiana,-2.0,2.0,(3-9),(6-6),Unranked,Unranked
"Week 13, 2016",rutgers,maryland,-18.0,18.0,(2-10),(6-6),Unranked,Unranked
"Week 13, 2016",syracuse,pittsburgh,-15.0,15.0,(4-8),(8-4),Unranked,Unranked
"Week 13, 2016",boston college,wake forest,3.0,-3.0,(6-6),(6-6),Unranked,Unranked
"Week 13, 2016",navy,smu,44.0,-44.0,(9-2),(5-7),25,Unranked
"Week 13, 2016",minnesota,wisconsin,-14.0,14.0,(8-4),(10-2),Unranked,6
"Week 13, 2016",notre dame,usc,-18.0,18.0,(4-8),(9-3),Unranked,12
"Week 13, 2016",fcs_team,ole miss,35.0,-35.0,(5-7),(5-7),Unranked,Unranked
"Week 13, 2016",south alabama,idaho,-7.0,7.0,(5-6),(7-4),Unranked,Unranked
"Week 13, 2016",san jose state,fresno state,2.0,-2.0,(4-8),(1-11),Unranked,Unranked
"Week 13, 2016",west virginia,iowa state,30.0,-30.0,(9-2),(3-9),18,Unranked
"Week 13, 2016",duke,miami (fla.),-19.0,19.0,(4-8),(8-4),Unranked,Unranked
"Week 13, 2016",fiu,old dominion,-14.0,14.0,(4-8),(9-3),Unranked,Unranked
"Week 13, 2016",michigan state,penn state,-33.0,33.0,(3-9),(10-2),Unranked,7
"Week 13, 2016",auburn,alabama,-18.0,18.0,(8-4),(12-0),13,1
"Week 13, 2016",troy,texas state,33.0,-33.0,(9-2),(2-9),Unranked,Unranked
"Week 13, 2016",fcs_team,new mexico state,30.0,-30.0,(9-3),(3-8),Unranked,Unranked
"Week 13, 2016",nevada,unlv,35.0,-35.0,(5-7),(4-8),Unranked,Unranked
"Week 13, 2016",north texas,utep,-28.0,28.0,(5-7),(4-8),Unranked,Unranked
"Week 13, 2016",tulane,connecticut,25.0,-25.0,(4-8),(3-9),Unranked,Unranked
"Week 13, 2016",oregon,oregon state,-10.0,10.0,(4-8),(4-8),Unranked,Unranked
"Week 13, 2016",fau,middle tennessee state,-21.0,21.0,(3-9),(8-4),Unranked,Unranked
"Week 13, 2016",ucla,california,-26.0,26.0,(4-8),(5-7),Unranked,Unranked
"Week 13, 2016",western kentucky,marshall,54.0,-54.0,(9-3),(3-9),Unranked,Unranked
"Week 13, 2016",charlotte,utsa,-19.0,19.0,(4-8),(6-6),Unranked,Unranked
"Week 13, 2016",utah,colorado,-5.0,5.0,(8-4),(10-2),22,9
"Week 13, 2016",tennessee,vanderbilt,-11.0,11.0,(8-4),(6-6),17,Unranked
"Week 13, 2016",east carolina,temple,-27.0,27.0,(3-9),(9-3),Unranked,Unranked
"Week 13, 2016",south carolina,clemson,-49.0,49.0,(6-6),(11-1),Unranked,4
"Week 13, 2016",rice,stanford,-24.0,24.0,(3-9),(9-3),Unranked,24
"Week 13, 2016",florida,florida state,-18.0,18.0,(8-3),(9-3),15,14
"Week 13, 2016",fcs_team,san diego state,32.0,-32.0,(7-5),(9-3),Unranked,Unranked
"Week 13, 2016",wyoming,new mexico,-21.0,21.0,(8-4),(8-4),Unranked,Unranked
"Week 13, 2016",utah state,brigham young,-18.0,18.0,(3-9),(8-4),Unranked,Unranked
"Week 13, 2016",massachusetts,hawaii,-6.0,6.0,(2-10),(6-7),Unranked,Unranked
"Week 13, 2016",nc state,north carolina,7.0,-7.0,(6-6),(8-4),Unranked,Unranked
"Week 13, 2016",fcs_team,fcs_team,10.0,-10.0,(5-7),(3-9),Unranked,Unranked
"Week 13, 2016",houston,memphis,-4.0,4.0,(9-3),(8-4),20,Unranked
"Week 13, 2016",arkansas,missouri,-4.0,4.0,(7-5),(4-8),Unranked,Unranked
"Week 13, 2016",buffalo,bowling green,-8.0,8.0,(2-10),(4-8),Unranked,Unranked
"Week 13, 2016",washington,washington state,28.0,-28.0,(11-1),(8-4),5,23
"Week 13, 2016",boise state,air force,-7.0,7.0,(10-2),(9-3),19,Unranked
"Week 13, 2016",tcu,texas,22.0,-22.0,(6-5),(5-7),Unranked,Unranked
"Week 13, 2016",nebraska,iowa,-30.0,30.0,(9-3),(8-4),16,Unranked
"Week 13, 2016",louisiana tech,southern miss,-15.0,15.0,(8-4),(6-6),Unranked,Unranked
"Week 13, 2016",toledo,western michigan,-20.0,20.0,(9-3),(12-0),Unranked,21
"Week 13, 2016",baylor,texas tech,-19.0,19.0,(6-5),(5-7),Unranked,Unranked
"Week 13, 2016",cincinnati,tulsa,-3.0,3.0,(4-8),(9-3),Unranked,Unranked
"Week 13, 2016",arizona state,arizona,-21.0,21.0,(5-7),(3-9),Unranked,Unranked
"Week 13, 2016",lsu,texas a&m,15.0,-15.0,(7-4),(8-4),Unranked,Unranked
"Week 13, 2016",akron,ohio,-6.0,6.0,(5-7),(8-4),Unranked,Unranked
"Week 13, 2016",ball state,miami (ohio),-1.0,1.0,(4-8),(6-6),Unranked,Unranked
"Week 13, 2016",central michigan,eastern michigan,-5.0,5.0,(6-6),(7-5),Unranked,Unranked
"Week 14, 2016",louisiana tech,western kentucky,-14.0,14.0,(8-5),(10-3),Unranked,Unranked
"Week 14, 2016",kansas state,tcu,24.0,-24.0,(8-4),(6-6),Unranked,Unranked
"Week 14, 2016",temple,navy,24.0,-24.0,(10-3),(9-3),Unranked,19
"Week 14, 2016",troy,georgia southern,-4.0,4.0,(9-3),(5-7),Unranked,Unranked
"Week 14, 2016",oklahoma state,oklahoma,-18.0,18.0,(9-3),(10-2),10,9
"Week 14, 2016",new mexico state,south alabama,-7.0,7.0,(3-9),(6-6),Unranked,Unranked
"Week 14, 2016",ul lafayette,ul monroe,27.0,-27.0,(6-6),(4-8),Unranked,Unranked
"Week 14, 2016",baylor,west virginia,-3.0,3.0,(6-6),(10-2),Unranked,16
"Week 14, 2016",alabama,florida,38.0,-38.0,(13-0),(8-4),1,15
"Week 14, 2016",georgia state,idaho,-25.0,25.0,(3-9),(8-4),Unranked,Unranked
"Week 14, 2016",arkansas state,texas state,22.0,-22.0,(7-5),(2-10),Unranked,Unranked
"Week 14, 2016",san diego state,wyoming,3.0,-3.0,(10-3),(8-5),Unranked,Unranked
"Week 14, 2016",wisconsin,penn state,-7.0,7.0,(10-3),(11-2),6,7
"Week 14, 2016",clemson,virginia tech,7.0,-7.0,(12-1),(9-4),3,23
"Week 14, 2016",western michigan,ohio,6.0,-6.0,(13-0),(8-5),17,Unranked
"Week 14, 2016",colorado,washington,-31.0,31.0,(10-3),(12-1),8,4
"Week 15, 2016",navy,army,-4.0,4.0,(9-4),(7-5),25,Unranked
